date,ml,ms
2019-01-02,0,0
2019-01-03,1,0
2019-01-04,1,0
2019-01-07,1,0
2019-01-08,1,1
2019-01-09,2,0
2019-01-10,3,0
2019-01-11,3,0
2019-01-14,2,0
2019-01-15,3,0
2019-01-16,2,0
2019-01-17,2,0
2019-01-18,1.5,0.5
2019-01-21,1,0
2019-01-22,1,0
2019-01-23,1,0
2019-01-24,1,0
2019-01-25,1.5,0.5
2019-01-28,1,0
2019-01-29,3,0
2019-01-30,3,0
2019-02-11,3.5,0.5
2019-02-12,3,1
2019-02-13,3,1
2019-02-14,3,1
2019-02-15,3,1
2019-02-18,3,1
2019-02-19,3,1
2019-02-20,3,1.5
2019-02-21,4,1.5
2019-02-22,4,1
2019-02-25,6,1
2019-02-26,4,1
2019-02-27,3,1
2019-03-04,3,1
2019-03-05,3,3
2019-03-06,3,1
2019-03-07,2,2
2019-03-08,1,4
2019-03-11,2,6
2019-03-12,2,2
2019-03-13,2,2
2019-03-14,2,2
2019-03-15,2,2
2019-03-18,4,1
2019-03-19,3,1
2019-03-20,2,2.5
2019-03-21,6,1.5
2019-03-22,3,3.5
2019-03-25,3,1
2019-03-26,3,1
2019-03-27,3,1
2019-03-28,2,2
2019-03-29,2,2
2019-04-01,5.5,1.5
2019-04-02,5,1
2019-04-03,5,1
2019-04-08,4.5,1.5
2019-04-09,3,1
2019-04-10,6,1
2019-04-11,6.5,1.5
2019-04-12,9.5,0.5
2019-04-15,5.5,0.5
2019-04-16,5.5,0.5
2019-04-17,9.5,0.5
2019-04-18,9.1666666666666661,0.5
2019-04-19,9.5357142857142847,0.75
2019-04-22,8,0.5
2019-04-23,7.7777777777777777,0.5
2019-04-24,7.5999999999999996,0.5
2019-04-25,6,0.5
2019-04-26,6.704545454545455,2.25
2019-04-29,4.3235294117647056,2.0306122448979593
2019-04-30,4.1923076923076925,1.7266666666666666
2019-05-02,4.0768194070080863,2.0882352941176472
2019-05-03,5.4634357762017336,1.8153846153846154
2019-05-06,2.5,4.5487179487179485
2019-05-07,1.8818181818181818,2.7843665768194072
2019-05-08,1.5,4.9666666666666668
2019-05-09,2,6.6607142857142856
2019-05-10,1,4.6411764705882357
2019-05-13,1.5,9.8333333333333321
2019-05-14,2.8333333333333335,8.9235588972431081
2019-05-15,2,7.5068376068376068
2019-05-16,2.6428571428571428,8.3317460317460306
2019-05-17,2,7.8030303030303028
2019-05-20,1.5,4.1348814229249014
2019-05-21,3.3727272727272726,4.3754901960784309
2019-05-22,1.5,5.5020512820512826
2019-05-23,2.8913043478260869,5.2495662232504339
2019-05-24,1.5,5.0285714285714285
2019-05-27,3,3.5
2019-05-28,2.1666666666666665,3.7722048066875655
2019-05-29,1.5,3.3826086956521739
2019-05-30,3.1000000000000001,3.3306451612903225
2019-05-31,0,3.2824999999999998
2019-06-03,0,3.2377622377622379
2019-06-04,1.6923076923076923,3.1960784313725488
2019-06-05,0,3.172268907563025
2019-06-06,0,2.1501014198782959
2019-06-10,2.0270270270270272,1.1206896551724137
2019-06-11,2.064064064064064,1.1000000000000001
2019-06-12,3.2019038743176669,3.5285714285714285
2019-06-13,3.2339235787511647,0.5
2019-06-14,3.263808636222429,1.5
2019-06-17,0.7142857142857143,2.4663594470046082
2019-06-18,3.7637362637362637,1.0806451612903225
2019-06-19,5.1748768472906406,2.661290322580645
2019-06-20,4.1748768472906406,1.6612903225806452
2019-06-21,5.7582101806239736,2.411290322580645
2019-06-24,5.1748768472906406,1.1612903225806452
2019-06-25,3.6748768472906406,2.161290322580645
2019-06-26,3.1748768472906406,0.5
2019-06-27,6.7068965517241388,1.2
2019-06-28,4.7367816091954023,2.2000000000000002
2019-07-01,5.4867816091954023,1.45
2019-07-02,4.5455938697318006,2.2666666666666666
2019-07-03,3.8544061302681993,1.6666666666666667
2019-07-04,2.8544061302681993,1.9793103448275864
2019-07-05,2.7298850574712645,2.0934371523915463
2019-07-08,2.7298850574712645,1.6875
2019-07-09,2.7298850574712645,0.72727272727272729
2019-07-10,2.7298850574712645,2.1721132897603486
2019-07-11,2.7298850574712645,3.2074074074074073
2019-07-12,2.7298850574712645,2.2407407407407409
2019-07-15,3.9472763618190907,1.4074074074074074
2019-07-16,3.9472763618190907,2.6074074074074076
2019-07-17,3.9472763618190907,1.4074074074074074
2019-07-18,4.6246218995765274,0.86486486486486491
2019-07-19,6.6116348865895143,1.6703296703296702
2019-07-22,5.8973491723037998,1.3846153846153846
2019-07-23,5.8026123301985368,1.3846153846153846
2019-07-24,5.7472763618190905,1.3846153846153846
2019-07-25,3.8666666666666671,1.3846153846153846
2019-07-26,3.7920430107526886,1.3846153846153846
2019-07-29,4.645833333333333,2.1493212669683257
2019-07-30,2.6212121212121211,0.80000000000000004
2019-07-31,2.5755166931637521,0.80000000000000004
2019-08-01,1.5536679536679538,3.2545454545454549
2019-08-02,3.5365079365079368,5.1571428571428566
2019-08-05,3,8.1595238095238098
2019-08-06,5.4000000000000004,4.4357142857142859
2019-08-07,5.506756756756757,3.9357142857142859
2019-08-08,2.2894736842105265,2.9357142857142859
2019-08-12,2.3205128205128203,2.4357142857142859
2019-08-13,4.6357142857142861,1.6857142857142857
2019-08-14,2.3780487804878048,3.3523809523809529
2019-08-15,1.5,3.1857142857142859
2019-08-16,1.5,3.1857142857142859
2019-08-19,0.90476190476190477,1.6857142857142857
2019-08-20,0.93023255813953487,1.6857142857142857
2019-08-21,4.8978652926021349,1.1857142857142857
2019-08-22,2.7982905982905981,1.1857142857142857
2019-08-23,1.8500000000000001,3.7241758241758243
2019-08-26,4.6751227495908347,3.6857142857142859
2019-08-27,3.2559523809523809,2.9714285714285715
2019-08-28,1.9392732702837234,2.1857142857142859
2019-08-29,5.1386080586080585,1.1857142857142857
2019-08-30,5.0282717738258089,1.6857142857142857
2019-09-02,5.6899300699300701,2.1100000000000003
2019-09-03,4.3303660699887114,0.5
2019-09-04,8.0949085561988792,1.8076923076923077
2019-09-05,12.08097458097458,1.7592592592592593
2019-09-06,7.6285936285936291,1.5092592592592593
2019-09-10,5.9433886375062848,1.7142857142857142
2019-09-11,9.0459096459096457,1.6724137931034482
2019-09-12,5.2407407407407405,1.6333333333333333
2019-09-16,8.3359073359073363,1.596774193548387
2019-09-17,7.8984962406015038,1.596774193548387
2019-09-18,8.457875457875458,1.596774193548387
2019-09-19,8.102521008403361,1.596774193548387
2019-09-20,5.5679442508710801,1.596774193548387
2019-09-23,6.6607142857142856,1.096774193548387
2019-09-24,6.7094407530454045,1.0625
2019-09-25,9.3761074197120706,1.0625
2019-09-26,9.4462828583085621,1.0625
2019-09-27,3.412525879917184,1
2019-10-01,7.3190993788819885,1.1875
2019-10-02,3.5690993788819876,1.9090909090909092
2019-10-03,6.4764117941029484,0.84848484848484851
2019-10-04,8.7932353878006051,0.78787878787878785
2019-10-07,8.2958370521484124,0.76470588235294112
2019-10-08,8.4900362318840585,1.9928571428571429
2019-10-09,7.0942028985507246,0.51851851851851849
2019-10-14,14.121815985946421,0.8970588235294118
2019-10-15,11.334114805342425,0.83823529411764708
2019-10-16,13.059782608695652,0.77941176470588236
2019-10-17,11.756038647342995,0.75
2019-10-18,10.388888888888889,0.5
2019-10-21,12,0.5
2019-10-22,15,0.75
2019-10-23,9,0.5
2019-10-24,15,0.5
2019-10-25,12,0.5
2019-10-28,12,0.5
2019-10-29,12,0.5
2019-10-30,12,0.5
2019-10-31,9,0.5
2019-11-01,12,0.5
2019-11-04,16.5,0.5
2019-11-05,13.5,0.75
2019-11-06,10.5,0.5
2019-11-07,13.333333333333334,0.5
2019-11-08,9,0.5
2019-11-11,12,0.5
2019-11-12,7.5,1
2019-11-13,12,0.5
2019-11-14,10.5,1
2019-11-15,12,0.5
2019-11-18,9,0.5
2019-11-19,12,0.5
2019-11-20,9,0.5
2019-11-21,6,2.5
2019-11-22,6,0.5
2019-11-25,12,0.5
2019-11-26,11.25,1.25
2019-11-27,10.5,1
2019-11-28,12,0.5
2019-11-29,6,3.5
2019-12-02,6,1.5
2019-12-03,3,1.5
2019-12-04,6,1
2019-12-05,7.5,1
2019-12-06,12,0.5
2019-12-09,6,0.5
2019-12-10,12,0.5
2019-12-11,12,0.5
2019-12-12,13.166666666666666,1.25
2019-12-13,13.607142857142858,1
2019-12-16,10,0.75
2019-12-17,13.111111111111111,0.75
2019-12-18,10,0.75
2019-12-19,9.75,0.75
2019-12-20,12.75,0.75
2019-12-23,9,0.5
2019-12-24,7.5,1
2019-12-25,7.5,1
2019-12-26,7.5,1
2019-12-27,9,0.5
2019-12-30,9,0.5
2019-12-31,7.5,3.0454545454545454
2020-01-02,10.438775510204081,1.1666666666666665
2020-01-03,7.3799999999999999,3.278321678321678
2020-01-06,6.5378151260504209,3.4404761904761902
2020-01-07,7.9858974358974359,4.4166666666666661
2020-01-08,7.1256410256410261,2.5666666666666664
2020-01-09,6.8773374773374778,1.125
2020-01-10,6.6936803936803937,1.753393665158371
2020-01-13,8.9139194139194124,1.8153846153846154
2020-01-14,8.5179487179487179,0.65384615384615385
2020-01-15,6.9098087098087095,6.4256410256410259
2020-01-16,4.8926739926739931,2.8260073260073262
2020-01-17,3.3538461538461535,4.3485958485958491
2020-01-20,3.2435897435897436,4.5708502024291491
2020-01-30,5.2142857142857144,8.8634920634920622
2020-01-31,1.5,10.890476190476191
2020-02-03,1.5,6.1363636363636358
2020-02-04,4.8775510204081636,7.22463768115942
2020-02-05,4.6759183673469389,7.3012820512820511
2020-02-06,3.3466967814793898,4.4399999999999995
2020-02-07,0,11.890109890109891
2020-02-10,1.75,5.9481481481481477
2020-02-11,5.7196969696969706,4.5
2020-02-12,7.0367701404286773,1.5
2020-02-13,6.745868440502587,1.5
2020-02-14,6.3296512350639462,0
2020-02-17,3.8103448275862069,3
2020-02-18,2.041666666666667,9.375
2020-02-19,3.7681159420289854,6
2020-02-20,1.25,9
2020-02-21,0,9
2020-02-24,0,14
2020-02-25,0,14
2020-02-26,1.0555555555555556,12.944444444444445
2020-02-27,1.25,17
2020-03-02,3.3863636363636362,15.545454545454545
2020-03-03,0.5,16.5
2020-03-04,1.9047619047619047,10.5
2020-03-05,0.90322580645161288,12.75
2020-03-06,0,14.25
2020-03-09,1.1136363636363638,17.886363636363637
2020-03-10,2.7323049001814881,11.25
2020-03-11,1.1896551724137931,17.25
2020-03-12,2.083333333333333,19.416666666666664
2020-03-13,3.6291208791208791,14.942307692307692
2020-03-16,1.75,18.75
2020-03-17,3.6018518518518521,14.25
2020-03-18,2.8185185185185184,17.25
2020-03-19,4.2231805231805231,14.735897435897435
2020-03-20,2.6435185185185186,16.692460317460316
2020-03-23,3.7244008714596952,10.330959752321982
2020-03-24,3.9814814814814814,8.7874999999999996
2020-03-25,4.7719298245614032,8.564425770308123
2020-03-26,4.0666666666666664,6
2020-03-27,2.9666666666666668,8.2313279418542571
2020-03-30,4.7999999999999998,7.2210526315789476
2020-03-31,3.412087912087912,5.5849638166711344
2020-04-01,2.3461538461538463,7.7190946734424983
2020-04-06,3.9468864468864471,5.3013618850507553
2020-04-07,4.25,3.8446765498652287
2020-04-08,4.4102564102564097,3.7432213608957796
2020-04-09,4.5538461538461537,6.6361046361046361
2020-04-10,1.9545454545454546,5.0333333333333332
2020-04-13,2,4.9344950540602719
2020-04-14,4.625,3.5799706529713871
2020-04-15,2.2058823529411766,6.2702830188679242
2020-04-16,4.1725146198830405,4.680555728073335
2020-04-17,7.4722222222222214,4.1737500000000001
2020-04-20,4.416666666666667,3.3770053475935828
2020-04-21,2.5511111111111111,5.8955162484574242
2020-04-22,4.7222222222222223,2.9223719676549864
2020-04-23,4.9285714285714288,2.8611111111111112
2020-04-24,6.0502392344497604,4.0449494949494955
2020-04-27,8.160869565217391,3.2688311688311691
2020-04-28,6.628571428571429,2.1973684210526314
2020-04-29,12.222661396574441,0.5
2020-04-30,8.5833028863719409,2.5
2020-05-04,4.5,7.4333333333333327
2020-05-05,2.6164705882352939,2.8894523326572008
2020-05-06,4.3733031674208149,1.4019607843137254
2020-05-07,4.6470588235294112,1.3627450980392157
2020-05-08,4.7777777777777777,1.3235294117647058
2020-05-11,6.5,1.284313725490196
2020-05-12,2.2222222222222223,5.987598039215686
2020-05-13,3,3.9751131221719458
2020-05-14,2.5882352941176472,3.4277389277389276
2020-05-15,3,3.7252747252747254
2020-05-18,6.4000000000000004,4.252498444951275
2020-05-19,3,3.1218731324169724
2020-05-20,3,2.948390677025527
2020-05-21,6,4.3513788098693755
2020-05-22,3,6.3726291252607039
2020-05-25,3,4.3631701631701629
2020-05-26,6,2.358974358974359
2020-05-27,4.5,1.6153846153846154
2020-05-28,3,3.5295329670329672
2020-05-29,3.7142857142857144,2.2857142857142856
2020-06-01,9,1
2020-06-02,4.5,2
2020-06-03,11.25,2.75
2020-06-04,7.5,2.3333333333333335
2020-06-05,9,1.75
2020-06-08,10,1.25
2020-06-09,10,1.25
2020-06-10,10,1
2020-06-11,9,2
2020-06-12,9,1
2020-06-15,12,1
2020-06-16,12,1
2020-06-17,9,1
2020-06-18,9,0.5
2020-06-19,7.5,1
2020-06-22,10.5,0.5
2020-06-23,9,0.5
2020-06-24,9,0.5
2020-06-29,7.5,1
2020-06-30,12,0.5
2020-07-01,9,0.5
2020-07-02,12,0.5
2020-07-03,10.5,1.25
2020-07-06,16.5,1.25
2020-07-07,10.5,1.25
2020-07-08,13.5,1.25
2020-07-09,13.5,1
2020-07-10,12,1
2020-07-13,10.5,1.5
2020-07-14,10.5,1.5
2020-07-15,7.5,1.5
2020-07-16,10.5,1
2020-07-17,7.5,1
2020-07-20,10.5,1
2020-07-21,12,1
2020-07-22,10.5,1
2020-07-23,10.5,1
2020-07-24,7.5,1
2020-07-27,12.75,1.75
2020-07-28,8.25,1.75
2020-07-29,10.5,1.5
2020-07-30,12,1.75
2020-07-31,12,1.5
2020-08-03,10.5,3
2020-08-04,10.5,1.5
2020-08-05,12,1.5
2020-08-06,10.5,1.5
2020-08-07,10.5,1.5
2020-08-10,9,1.5
2020-08-11,7.5,1
2020-08-12,10.5,1
2020-08-13,7.5,1
2020-08-14,7.5,1
2020-08-17,12,1
2020-08-18,9,0.5
2020-08-19,7.5,1
2020-08-20,8.25,2.8706896551724137
2020-08-21,4.5,1.6206896551724137
2020-08-24,9,2.1206896551724137
2020-08-25,6,1.6206896551724137
2020-08-26,7.5,1.1896551724137931
2020-08-27,10.5,0.5
2020-08-28,8.9219600725952812,1.2586206896551724
2020-08-31,8.0577905491698587,2.6214285714285714
2020-09-01,10.018752482034348,0.83870967741935487
2020-09-02,9.7547124153911149,0.875
2020-09-03,9.4876359734730435,0.90909090909090906
2020-09-04,2.691823899371069,3.6078431372549016
2020-09-07,2.691823899371069,1.4142857142857141
2020-09-08,4.0009148084619781,2.8888888888888888
2020-09-09,5.2724690606613915,1.3648648648648649
2020-09-10,3.9881201956673653,0.84210526315789469
2020-09-11,3.9881201956673653,0.82051282051282048
2020-09-14,5.4881201956673653,0.65217391304347827
2020-09-15,10.500137905977295,0.65217391304347827
2020-09-16,9.5585854048118204,1.1956521739130435
2020-09-17,5.2004791853848458,0.73913043478260865
2020-09-18,4.9971348707197762,0.78260869565217395
2020-09-21,4.9971348707197762,0
2020-09-22,3.6638015373864432,0.84210526315789469
2020-09-23,2.4786163522012581,4.3205128205128203
2020-09-24,3.3452830188679243,7.2000000000000002
2020-09-25,5.0901106050748206,2.7804878048780486
2020-09-28,3.3361921097770155,2.7619047619047619
2020-09-29,3.3361921097770155,1.7441860465116279
2020-09-30,3.3361921097770155,1.7272727272727273
2020-10-05,7.6885730621579675,1
2020-10-06,7.6148367118258724,0
2020-10-07,9.9279680249571847,1
2020-10-08,12.062058934048094,1
2020-10-12,12.84429875305262,1
2020-10-13,10.341820838809999,1
2020-10-14,9.097042225610334,1
2020-10-15,9.1929976313661026,1
2020-10-16,7.8929976313661028,0.82051282051282048
2020-10-19,7.9481700451592063,1.8285714285714285
2020-10-20,7.999782948385012,1.8090592334494773
2020-10-21,8.2564052136512984,1.7333333333333334
2020-10-22,9.6301425873886739,0.97142857142857142
2020-10-23,9.6652303066869187,0.97142857142857142
2020-10-26,6.1200415772876635,1.7714285714285714
2020-10-27,6.1200415772876635,1.7714285714285714
2020-10-28,2.4682040531097131,2.2999999999999998
2020-10-29,3.783018867924528,2.7999999999999998
2020-10-30,4,5.6571428571428575
2020-11-02,2.625,3
2020-11-03,5.4166666666666661,1.8666666666666665
2020-11-04,6.2283834586466167,2.1833333333333331
2020-11-05,12.239598997493735,1.4121212121212121
2020-11-06,12.587719298245615,1.3
2020-11-09,12.766575529733426,1.7333333333333334
2020-11-10,11.290999237223494,1.1666666666666665
2020-11-11,14.509098834041627,1.6000000000000001
2020-11-12,11.705459300424975,1.0333333333333332
2020-11-13,11.901819766808325,1
2020-11-16,17.100000000000001,1.2333333333333334
2020-11-17,17.166666666666664,1.0833333333333333
2020-11-18,16.5,0.75
2020-11-19,13.5,0.5
2020-11-20,13.5,0.5
2020-11-23,13.5,0.5
2020-11-24,12,0.5
2020-11-25,10.5,1
2020-11-26,10.5,1
2020-11-27,10.5,1
2020-11-30,11.25,2.25
2020-12-01,10.5,1
2020-12-02,10.5,1
2020-12-03,10.5,1
2020-12-04,13.5,2
2020-12-07,13.5,1.5
2020-12-08,13.5,1.5
2020-12-09,13.5,1
2020-12-10,10.5,2.5
2020-12-11,10.5,1.5
2020-12-14,10.5,1
2020-12-15,10.5,2.5
2020-12-16,13.5,1
2020-12-17,12,0.5
2020-12-18,12,0.5
2020-12-21,12,0.5
2020-12-22,12,0.5
2020-12-23,9,0.5
2020-12-24,12,0.5
2020-12-25,12,0.5
2020-12-28,9,0.5
2020-12-29,10.5,0.5
2020-12-30,17.25,1.5
2020-12-31,13.5,1.25
2021-01-04,17.25,1.5
2021-01-05,13.5,1.25
2021-01-06,14.25,1.25
2021-01-07,17.25,1.5
2021-01-08,17.25,1.5
2021-01-11,13.5,1.25
2021-01-12,13.5,1
2021-01-13,13.5,1
2021-01-14,13.5,1
2021-01-15,11.25,1.75
2021-01-18,10.5,1.5
2021-01-19,13.5,1
2021-01-20,7.5,2.5
2021-01-21,9,1.5
2021-01-22,9.75,2.75
2021-01-25,12,2.5
2021-01-26,7.5,2.5
2021-01-27,4.5,1.5
2021-01-28,7.5,2.5
2021-01-29,3,3.5
2021-02-01,10.5,1
2021-02-02,7.5,1.5
2021-02-03,4.5,1
2021-02-04,7.5,1
2021-02-05,7.5,0.5
2021-02-17,16.5,1.25
2021-02-18,10.5,1.25
2021-02-19,12,2.5
2021-02-22,9,1.5
2021-02-23,9,2
2021-02-24,7.5,4.5
2021-02-25,6,2.5
2021-02-26,5.25,4.8409090909090908
2021-03-02,4.5,3.1666666666666665
2021-03-03,1.5,2.7000000000000002
2021-03-04,1.5,7
2021-03-05,1.5,3.3571428571428572
2021-03-08,1.5,5.75
2021-03-09,1.5,1.6666666666666665
2021-03-10,1.5,5.5999999999999996
2021-03-11,4.5,2.0454545454545454
2021-03-12,4.4399999999999995,2.5
2021-03-15,7.4399999999999995,1.5
2021-03-16,7.4399999999999995,1.5
2021-03-17,6,1.5
2021-03-18,1.5,3
2021-03-19,5.25,3.75
2021-03-22,4.5,1.5
2021-03-23,1.5,2.5
2021-03-24,2.25,4.75
2021-03-25,1.5,3.5
2021-03-26,7.5,2
2021-03-29,6,2.5
2021-03-30,5.9399999999999995,3
2021-03-31,7.4615384615384617,1.5
2021-04-01,11.981481481481481,1
2021-04-07,10.5,0.75
2021-04-08,10.5,0.75
2021-04-09,9,0.5
2021-04-12,9,1
2021-04-13,6,1.5
2021-04-14,5.9444444444444446,1.5
2021-04-15,5.8412698412698418,2.5333333333333332
2021-04-16,6.4404761904761907,2.8277777777777775
2021-04-19,8.3730158730158735,2.1222222222222222
2021-04-20,5.4722222222222223,2.2121212121212119
2021-04-21,4.1008130081300811,2.2993464052287584
2021-04-22,1.4333333333333333,3.4873790166473095
2021-04-23,6.3509803921568624,1.4666666666666668
2021-04-26,6.0477124183006534,1.5471471471471472
2021-04-27,5.7912280701754382,1.6257309941520468
2021-04-28,3.4476190476190478,2.2025641025641027
2021-04-29,3.2190476190476192,2.2777777777777777
2021-05-03,2.1857142857142859,4.6014905149051488
2021-05-04,1.2333333333333334,4.8478549314462622
2021-05-05,1.2333333333333334,4.7494900040799681
2021-05-06,1.2666666666666666,3.3444976076555024
2021-05-07,1.2666666666666666,4.1370927318295738
2021-05-10,1.2333333333333334,5.4002724201808867
2021-05-11,2.4500000000000002,6.2564523009651793
2021-05-12,2.25,6.1694577352472093
2021-05-13,1.5,4.4479054779806662
2021-05-14,1.75,4.4315789473684211
2021-05-17,4.25,3.9158926728586172
2021-05-18,3.3090909090909091,4.6605351170568561
2021-05-19,0,4.3862959285004965
2021-05-20,0.94117647058823528,2.3561253561253563
2021-05-21,2.0588235294117645,3.0606060606060606
2021-05-24,3.3193277310924367,2.2783882783882783
2021-05-25,5.6680672268907557,0.51282051282051277
2021-05-26,7.1462184873949575,0
2021-05-27,6.6865079365079367,0.90454545454545454
2021-05-28,11.956747603072467,1.0625
2021-05-31,9.0771160472395387,2.3103030303030305
2021-06-01,9.1623563218390807,2.2307692307692308
2021-06-02,9.2859523809523807,1
2021-06-03,9.3999454846229042,2.2021978021978024
2021-06-04,6.6721014492753623,1.4444444444444444
2021-06-07,6.746212121212122,1.4189189189189189
2021-06-08,6.8151960784313728,2.6255060728744941
2021-06-09,6.8795787545787546,0.5
2021-06-10,6.9398148148148149,1.3947368421052633
2021-06-11,8.3039921789921785,2.1747368421052631
2021-06-15,8.3286227208641002,2.1255060728744941
2021-06-16,8.3516112266112259,2.0799220272904484
2021-06-17,9.8731166029553119,2.0375939849624061
2021-06-18,4.166666666666667,2.5375939849624061
2021-06-21,3.541666666666667,2.2685185185185186
2021-06-22,4.1805555555555554,1.8903133903133904
2021-06-23,7.1045249795249799,1.3717948717948718
2021-06-24,4.2390350877192979,2.7831983805668017
2021-06-25,5.7660256410256414,1.8677298311444652
2021-06-28,7.0993589743589745,2.7866487500633843
2021-06-29,9.7797094210137701,0.87804878048780488
2021-06-30,12.463188937205604,1.2601626016260163
2021-07-01,5.0057471264367814,2.6441811846689895
2021-07-02,3.6891025641025643,3.3185412541824815
2021-07-05,5.0448717948717947,2.3764114724480576
2021-07-06,4.9006410256410255,2.5137261112870868
2021-07-07,4.4822167080231594,2.9289016419575957
2021-07-08,1,3.7951433110390216
2021-07-09,6.8157894736842106,3.7231126596980255
2021-07-12,6.626134301270417,2.9421602787456447
2021-07-13,11.876134301270417,2.1064459930313588
2021-07-14,5.6661343012704171,2.2295552367288378
2021-07-15,3.3503448275862069,3.2295552367288378
2021-07-16,2.79,4.3827810431804508
2021-07-19,1,5.7798398667098629
2021-07-20,1,2.6091081593927892
2021-07-21,3.4444444444444446,3.1820378151260504
2021-07-22,3.3999999999999999,3.2507427213309565
2021-07-23,2.5142857142857142,2.8155802861685215
2021-07-26,2.4444444444444446,3.348297213622291
2021-07-27,1.9880952380952381,2.0588235294117645
2021-07-28,4.628378378378379,3.3793363499245848
2021-07-29,4.3157894736842106,3.0482654600301662
2021-07-30,2.2564102564102564,3.2171945701357467
2021-08-02,7.6139194139194144,1.2352941176470589
2021-08-03,5.7355670526402234,1.2352941176470589
2021-08-04,7.0828157349896479,1.2352941176470589
2021-08-05,6.8925707412074688,0
2021-08-06,6.7183807062876824,0
2021-08-09,5.0904529162593679,1.375
2021-08-10,4.1833333333333336,2.4053030303030303
2021-08-11,3.3152804642166345,4.4053030303030303
2021-08-12,2.0833333333333335,5.759615384615385
2021-08-13,3.6224489795918369,5.4596153846153852
2021-08-16,1.3333333333333333,5.259615384615385
2021-08-17,1.8333333333333333,8.0881868131868142
2021-08-18,2,9.1477106227106226
2021-08-19,2.7000000000000002,9.8714285714285701
2021-08-20,2.833333333333333,6.5576097105508868
2021-08-23,2,3.9544158763225701
2021-08-24,2,3.8518796992481206
2021-08-25,3.1724137931034484,2.5940170940170941
2021-08-26,4.0295566502463052,2.5391891891891891
2021-08-27,5.6611355976147264,1.6578947368421053
2021-08-30,5.1142361150251938,2.3223443223443221
2021-08-31,4.8605697151424287,3.4142857142857146
2021-09-01,3.7046476761619189,3.505226480836237
2021-09-02,3.0487256371814091,1.7380952380952381
2021-09-03,4.5955063009036019,2.6129568106312293
2021-09-06,4.3855302078690386,1.4285714285714286
2021-09-07,3.1755541148344748,2.7727272727272725
2021-09-08,3.2250374812593705,0.5
2021-09-09,2.2691154422788609,1.788888888888889
2021-09-10,2.1304347826086953,2.8043478260869565
2021-09-13,2.1063829787234045,2.8191489361702127
2021-09-14,2.083333333333333,1.3333333333333333
2021-09-15,2,1.9632352941176472
2021-09-16,1.5,3.2958010790523105
2021-09-17,2.1000000000000001,3.8757583614207931
2021-09-22,2,8.4647648902821313
2021-09-23,1,7.0044101912177554
2021-09-24,1,8.8475713012477719
2021-09-27,1,9.216202918166454
2021-09-28,0,11.556663608371387
2021-09-29,2.6428571428571428,15.691901703609481
2021-09-30,0,11.381938228730323
2021-10-01,2.25,13.680904112403164
2021-10-04,2.25,10.418154938743173
2021-10-05,2.25,9.6749608150470205
2021-10-06,1.5,10.646421225832992
2021-10-07,1,7.9989846965179039
2021-10-08,0,7.6357620320855615
2021-10-12,1.5,7.3307359307359308
2021-10-13,1.5,5.644132011779071
2021-10-14,1.5,5.4440583440583445
2021-10-15,2.1666666666666665,5.9154011154011155
2021-10-18,1,2.5241312741312742
2021-10-19,3.0384615384615383,1.4342105263157894
2021-10-20,3.1896621896621893,2.5931372549019609
2021-10-21,3.6877289377289375,1.3999999999999999
2021-10-22,3.2775672603258812,2.4952574525745259
2021-10-25,3.5333333333333332,2.4216791979949877
2021-10-26,3.785304659498208,3.8214285714285712
2021-10-27,4.0642241379310349,2.5
2021-10-28,4.3212121212121213,1.5
2021-10-29,3.9424242424242424,2.808139534883721
2021-11-01,4.1543123543123546,1.9545454545454546
2021-11-02,4.3588744588744586,2.833333333333333
2021-11-03,4.5909090909090908,2.7307692307692308
2021-11-04,5.5999999999999996,2.1613756613756614
2021-11-05,7.4926190476190477,1.3523809523809525
2021-11-08,8.4942307692307679,1
2021-11-09,9.1152116402116405,1.1911764705882353
2021-11-10,6.8086580086580089,1.8888888888888888
2021-11-11,7.445749585100498,0.84210526315789469
2021-11-12,6.279674796747968,0.80000000000000004
2021-11-15,6.6804403481822838,0.76190476190476186
2021-11-16,6.9758013827781271,0.72727272727272729
2021-11-17,5.2191843244474825,1.809635722679201
2021-11-18,8.3373303167420811,1.9144144144144146
2021-11-19,9.6087301587301575,1.2133333333333334
2021-11-22,8.066395663956639,0.92307692307692313
2021-11-23,5.8501568086933942,0.96296296296296291
2021-11-24,3.4280701754385965,2.9007076514816452
2021-11-25,2.7247863247863249,3.2730223123732252
2021-11-26,0.8571428571428571,3.9509803921568625
2021-11-29,3.6909090909090909,2.7666157372039724
2021-11-30,4.2532467532467528,1.5372670807453417
2021-12-01,0,2.7937710437710441
2021-12-02,3.3821428571428571,1.5416666666666665
2021-12-03,3.9392857142857141,0.59259259259259256
2021-12-06,5.354166666666667,1.0785185185185187
2021-12-07,9.892533936651585,1.375
2021-12-08,7.4839285714285717,1.8509615384615383
2021-12-09,6.9083333333333332,1.25
2021-12-10,5.6124999999999998,1.7060185185185186
2021-12-13,2.9117647058823533,2.625
2021-12-14,2.9444444444444446,1.0625
2021-12-15,6.9736842105263159,1.5
2021-12-16,4.5,2
2021-12-17,3,2.5
2021-12-20,1.5,2.5
2021-12-21,4.5,2
2021-12-22,10.166666666666666,1
2021-12-23,9,0.5
2021-12-24,9,0.5
2021-12-27,13.300000000000001,0.5
2021-12-28,14.25,1.25
2021-12-29,10.448275862068964,1
2021-12-30,8.9000000000000004,0.5
2022-01-03,12.074038428877138,0.7857142857142857
2022-01-04,16.039915983674007,1.3988095238095237
2022-01-05,6.1151538519959576,1.0025839793281652
2022-01-06,8.3498737240871304,0.59090909090909094
2022-01-07,3.8807095343680711,1.1222222222222222
2022-01-10,3.7857142857142856,1.1521739130434783
2022-01-11,2.4240240240240238,1.6808510638297873
2022-01-12,5.2192728197304854,1.7083333333333335
2022-01-13,5.6502814258911824,1.306122448979592
2022-01-14,8.5762872628726274,1.9519191919191921
2022-01-17,5.1241192411924121,1.4799658994032394
2022-01-18,3.1398373983739836,3.5576923076923075
2022-01-19,3.0233566521711728,2.7999999999999998
2022-01-20,2.9079329884207934,2.8461538461538463
2022-01-21,1.4333333333333333,7.8888888888888893
2022-01-24,1.8221343873517786,6.0952380952380958
2022-01-25,1.5,9.9655172413793096
2022-01-26,1.5,6.7333333333333334
2022-02-07,0.8936170212765957,4.967741935483871
2022-02-08,0.875,5.0999999999999996
2022-02-09,0.8571428571428571,5.2303030303030305
2022-02-10,1.9309090909090907,7.2985060690943042
2022-02-11,3.2926743019622275,6.1079365079365076
2022-02-14,1.597165991902834,7.3492063492063489
2022-02-15,0.79245283018867929,5.5896805896805901
2022-02-16,0.75471698113207553,7.5008899059242307
2022-02-17,0.71698113207547165,7.8461538461538467
2022-02-18,0.67924528301886788,8.1418181818181807
2022-02-21,1.3263041065482797,7.3989993746091303
2022-02-22,0,11.569939545549303
2022-02-23,0.69230769230769229,8.7565492321589886
2022-02-24,1.6190476190476188,14.389326765188832
2022-02-25,1.7083333333333333,10.159261274678277
2022-03-01,0.33333333333333331,10.716583290207579
2022-03-02,0,10.401759530791789
2022-03-03,0,10.741659868145437
2022-03-04,0.875,12.353763440860215
2022-03-07,1.8,16.159096917086416
2022-03-08,1.7999999999999998,14.649895266024298
2022-03-09,1.3333333333333333,13.983410543017838
2022-03-10,0,12.866711469534049
2022-03-11,0,13.163216529846967
2022-03-14,0,12.368861634819083
2022-03-15,1.4285714285714286,14.609632410883977
2022-03-16,1.5,6.4791391024494907
2022-03-17,2,8.4713193078649898
2022-03-18,0,8.9985111513358031
2022-03-21,0,9.5171222259610886
2022-03-22,1,5.9357902735562318
2022-03-23,1.5,5.4047619047619042
2022-03-24,1,2.7727272727272725
2022-03-25,1,5.7008995502248876
2022-03-28,0.5,4.2619047619047619
2022-03-29,1.5,4.3457142857142861
2022-03-30,1.5,7.384615384615385
2022-03-31,1,5.9074074074074074
2022-04-01,0.5,9.4285714285714288
2022-04-06,0,15.866457680250784
2022-04-07,1.5,17.239393939393938
2022-04-08,0,15.400537634408602
2022-04-11,1.3999999999999999,17.634615384615383
2022-04-12,1.2727272727272727,15.535714285714286
2022-04-13,0,14.25
2022-04-14,0,14.25
2022-04-15,1.1666666666666667,14.25
2022-04-18,1.0769230769230769,14.25
2022-04-19,0,11.25
2022-04-20,0,14.25
2022-04-21,1,12.75
2022-04-22,0,14.25
2022-04-25,2.1666666666666665,14.035714285714285
2022-04-26,0.93333333333333335,15.583333333333334
2022-04-27,1.8464285714285713,16.225000000000001
2022-04-28,0.82352941176470584,12.661764705882353
2022-04-29,0.77777777777777779,15.694444444444445
2022-05-03,0.84210526315789469,11.25
2022-05-04,0.90000000000000002,8.25
2022-05-05,1.5,12.75
2022-05-06,1.4473684210526314,9.75
2022-05-09,2.1000000000000001,14.083333333333334
2022-05-10,1.8476190476190477,11
2022-05-11,2.0909090909090908,13.862745098039216
2022-05-12,3.9399585921325051,10.561358902535373
2022-05-13,3.416666666666667,10.271410808103955
2022-05-16,2.5333333333333332,8.9820127820127826
2022-05-17,2.6307692307692307,6.0720266088687147
2022-05-18,2.2727272727272725,9.029220779220779
2022-05-19,1.6666666666666667,8.7566963076645301
2022-05-20,2.0769230769230766,6.0989372276167906
2022-05-23,1.5,7.4515210213515299
2022-05-24,2.1185185185185187,11.819269551890759
2022-05-25,0.875,8.8494871794871806
2022-05-26,0.82352941176470584,6.3446153846153841
2022-05-27,3.7777777777777777,3.6188405797101444
2022-05-30,3.236842105263158,7.6368794326241138
2022-05-31,3.5333333333333337,8.8208333333333329
2022-06-01,2.1666666666666665,7.6707482993197278
2022-06-02,4.1666666666666661,3.6866666666666665
2022-06-06,2.1363636363636362,3.7352941176470589
2022-06-07,0.5,6.6413043478260869
2022-06-08,1.1086956521739131,6.6847826086956523
2022-06-09,1.0833333333333335,10.962560386473431
2022-06-10,0.56000000000000005,12.328414045010016
2022-06-13,0,18.108706981718644
2022-06-14,0,12.356271777003483
2022-06-15,0,12.449999999999999
2022-06-16,0.95238095238095233,15.5
2022-06-17,1.1590909090909092,13.294117647058824
2022-06-20,1.3695652173913042,12.583333333333334
2022-06-21,1,11.25
2022-06-22,0.83333333333333337,12.618421052631579
2022-06-23,1.8,12.65
2022-06-24,0.76923076923076927,12.678571428571429
2022-06-27,0,11.25
2022-06-28,0.7407407407407407,14.25
2022-06-29,0.7142857142857143,11.25
2022-06-30,2.0229885057471266,12.704545454545455
2022-07-01,2.8833333333333333,13.391304347826086
2022-07-04,2.774193548387097,12.583333333333334
2022-07-05,2.338709677419355,12.459583833533413
2022-07-06,2.375,12.234993997599039
2022-07-07,3.4375,11.98999599839936
2022-07-08,2.5,7.8567426970788308
2022-07-11,3.5687645687645686,7.6394557823129254
2022-07-12,3.1514161220043571,9.751972789115646
2022-07-13,4.2605042016806722,7.2244897959183678
2022-07-14,2.6896551724137931,4.5986394557823127
2022-07-15,1.2333333333333334,4.4744897959183678
2022-07-18,1.7741935483870968,4.350340136054422
2022-07-19,1.838709677419355,4.2261904761904763
2022-07-20,4.0083333333333329,4.1020408163265305
2022-07-21,4.2613636363636367,3.9778911564625856
2022-07-22,5.6470588235294112,2.833333333333333
2022-07-25,5.2492063492063492,2.75
2022-07-26,1.8421052631578947,3.6453900709219855
2022-07-27,5.5424116424116434,2.666666666666667
2022-07-28,7.0050125313283207,3.666666666666667
2022-07-29,5.7912087912087911,2.666666666666667
2022-08-01,5.971683389074693,2.5833333333333339
2022-08-02,6.333333333333333,5.6666666666666661
2022-08-03,4.04,4.9393939393939394
2022-08-04,6.0769230769230766,4.8840579710144931
2022-08-05,5.1111111111111107,4.833333333333333
2022-08-08,4.0714285714285712,4.995454545454546
2022-08-09,2.7844827586206895,4.0641025641025639
2022-08-10,6.8571428571428577,5.2922049956933686
2022-08-11,9.263367878168637,6.2023809523809526
2022-08-12,5.8677419354838714,7.3432905640203154
2022-08-15,6.2135180995475121,4.6996124031007751
2022-08-16,4.0168650793650791,4.7412023460410557
2022-08-17,4.614354066985646,2.875
2022-08-18,2.8823529411764706,4.0303030303030303
2022-08-19,0.8571428571428571,4.0481283422459899
2022-08-22,0.83333333333333337,5.2922077922077921
2022-08-23,0,7.6189393939393932
2022-08-24,0,7.7371158184457416
2022-08-25,1.7142857142857142,3.8959428029976744
2022-08-26,0.90909090909090906,9.6955128205128212
2022-08-29,0.66666666666666663,12.740814044695448
2022-08-30,1.5,7.7826083350611652
2022-08-31,0.5,7.2170114942528727
2022-09-01,0.40000000000000002,13.246930788509736
2022-09-02,1.7777777777777777,10.705278270116979
2022-09-05,1.0526315789473684,9.4052782701169786
2022-09-06,1,9.4052782701169786
2022-09-07,2.9523809523809526,10.668436164853821
2022-09-08,2.2424242424242422,9.4052782701169786
2022-09-12,2.2000000000000002,9.4052782701169786
2022-09-13,0,11.40527827011698
2022-09-14,0,9.4052782701169786
2022-09-15,0,9.4052782701169786
2022-09-16,0.40000000000000002,10.005278270116978
2022-09-19,2.202020202020202,10.405278270116979
2022-09-20,0,10.405278270116979
2022-09-21,1.1111111111111112,9.4052782701169786
2022-09-22,1.1111111111111112,10.471944936783645
2022-09-23,1.6111111111111112,10.530278270116979
2022-09-26,2.3999999999999999,10.998805388160227
2022-09-27,1.1388888888888888,11.467332506203475
2022-09-28,3.5277777777777777,11.744615384615384
2022-09-29,2.4166666666666665,11.88076923076923
2022-09-30,2.3055555555555554,12.766923076923078
2022-10-03,2.75,12.153076923076924
2022-10-04,1.5,10.76923076923077
2022-10-05,3.5909090909090908,6.365384615384615
2022-10-06,4.6111111111111107,4.9615384615384617
2022-10-07,3.7222222222222223,10.057692307692308
2022-10-11,1.25,16.903846153846153
2022-10-12,1,12.653846153846153
2022-10-13,2.1666666666666665,12.653846153846153
2022-10-14,3.587912087912088,14.153846153846153
2022-10-17,3.7307692307692308,11.153846153846153
2022-10-18,2.841880341880342,12.053846153846154
2022-10-19,2.9525083612040137,9.6538461538461533
2022-10-20,3.0868298368298368,9.6538461538461533
2022-10-21,3.0259649122807017,9.6538461538461533
2022-10-24,2.0769230769230766,8.1538461538461533
2022-10-25,3.507658033973823,10.368131868131867
2022-10-26,2.2523809523809524,8.1236997283508909
2022-10-27,3.3275862068965516,7.9667832167832167
2022-10-28,3.4192982456140348,7.9344599844599841
2022-10-31,1.5,7.9035421100638494
2022-11-01,1,6.4193944353518821
2022-11-02,1,8.2948717948717938
2022-11-03,0,10.60546932851515
2022-11-04,1.0526315789473684,7.4468342550695494
2022-11-07,0.5,7.2493296463884693
2022-11-08,1.1666666666666665,6.5841423282599756
2022-11-09,5.2111111111111112,6.8617216117216122
2022-11-10,6.2000000000000002,4.4245283018867925
2022-11-11,10.031690858161445,2.5476190476190474
2022-11-14,10.495238095238095,1.25
2022-11-15,11.821303696303696,1.5416666666666665
2022-11-16,8.5357142857142847,1.5833333333333333
2022-11-17,8.6179487179487175,0.5714285714285714
2022-11-18,10.535894660894661,0.5
2022-11-21,7.4117647058823533,0.5
2022-11-22,9.1724941724941722,0.59999999999999998
2022-11-23,5.3843700159489636,1.7739130434782608
2022-11-24,8.7190476190476183,0.72727272727272729
2022-11-25,5.8125874125874128,0.83333333333333337
2022-11-28,5.4107142857142856,0.92307692307692313
2022-11-29,5.0625531331413685,1
2022-11-30,7.8312447786131996,2.2018018018018015
2022-12-01,6.5320231525104333,2.125
2022-12-02,5.2888888888888896,2.1764705882352944
2022-12-05,6.5376794928497715,2.2222222222222223
2022-12-06,2.6181818181818182,2.321981424148607
2022-12-07,0.5,4.3061554767437116
2022-12-08,3.4509803921568629,5.5894888100770448
2022-12-09,0,4.3697918403800751
2022-12-12,1.263157894736842,5.4404613151416221
2022-12-13,3.3999999999999999,2.6778362072479718
2022-12-14,3.5238095238095237,3.7636765725001022
2022-12-15,0.78260869565217395,3.9828657616892915
2022-12-16,1.1666666666666665,3.7038712921065864
2022-12-19,0.5,3.2048768225238815
2022-12-20,0.91666666666666663,3.0392156862745097
2022-12-21,0.8571428571428571,2.7306974071679955
2022-12-22,1,4.3078934137757665
2022-12-23,1.1111111111111112,2.8755656108597285
2022-12-26,1.2,2.5666666666666664
2022-12-27,1.2727272727272727,3.5
2022-12-28,1.3333333333333333,3.5
2022-12-29,4.2417582417582418,3
2022-12-30,1.4285714285714286,2.5
2023-01-03,1.4666666666666666,3.5
2023-01-04,1.5,1.5
2023-01-05,1.5,2.5
2023-01-06,5.3636363636363633,1
2023-01-09,9.0336438923395441,1.9807692307692308
2023-01-10,9.4848484848484844,1.1851851851851851
2023-01-11,7.6695652173913045,1.1428571428571428
2023-01-12,10.839743589743589,1.103448275862069
2023-01-13,13.928855218855219,1.3166666666666667
2023-01-16,8.9761904761904763,1.032258064516129
2023-01-17,9.82189460825143,1
2023-01-30,11.699633699633699,2.9696969696969697
2023-01-31,12.392803114571747,1.1911764705882353
2023-02-01,11.787179487179486,0.91428571428571426
2023-02-02,14.383771545061869,2.3888888888888888
2023-02-03,9.0488445378151248,0.86486486486486491
2023-02-06,7.6677862367517537,0.84210526315789469
2023-02-07,10.760690943043885,0.82051282051282048
2023-02-08,10.848237638560219,0.80000000000000004
2023-02-09,10.671052631578949,0.82926829268292679
2023-02-10,9.0838141720494665,1.3571428571428572
2023-02-13,10.044275234987309,0.88372093023255816
2023-02-14,9.7288648450394284,0.90909090909090906
2023-02-15,8.9788220551378437,1.7045454545454546
2023-02-16,6.9639571902729793,0.95454545454545459
2023-02-17,5.9110275689223055,2.5
2023-02-20,5.9952380952380953,2.5
2023-02-21,1.5,2.4545454545454546
2023-02-22,1.5,2.4545454545454546
2023-02-23,3.9761904761904763,2.4545454545454546
2023-02-24,1.5,2.4545454545454546
2023-03-01,2.4655172413793105,1.9090909090909092
2023-03-02,2.5344827586206895,1.8636363636363638
2023-03-03,5.203448275862069,1.8181818181818183
2023-03-06,2.6724137931034484,2.2727272727272725
2023-03-07,5.3842364532019698,1.7272727272727273
2023-03-08,7.8322884012539173,1.7272727272727273
2023-03-09,2.8103448275862069,1.6818181818181817
2023-03-10,2.833333333333333,3
2023-03-13,2.8999999999999999,1
2023-03-14,8.6238095238095234,3.5
2023-03-15,3,1.5
2023-03-16,9.3424242424242436,1.5
2023-03-17,7.3963133640552998,0.5
2023-03-20,9,1
2023-03-21,10.454545454545455,0.5
2023-03-22,17.182806324110672,0.75
2023-03-23,13.307971014492754,0.5
2023-03-24,10.193333333333333,0.5
2023-03-27,9.9071340939761985,0.54054054054054057
2023-03-28,8.2186861069214014,0
2023-03-29,10.890989010989008,0.57894736842105265
2023-03-30,7.8160452294178118,0.61538461538461542
2023-03-31,10.401920601920601,0.65000000000000002
2023-04-06,7.4598983230381091,0.68292682926829273
2023-04-07,4.8018939393939393,0.7142857142857143
2023-04-10,7.137361205103141,0.7441860465116279
2023-04-11,6.954891304347826,0.77272727272727271
2023-04-12,2.2757575757575759,1.8
2023-04-13,2.215686274509804,1
2023-04-14,2.157142857142857,1.8260869565217392
2023-04-17,2.1000000000000001,1.8510638297872339
2023-04-18,2.0441441441441444,1.9903846153846154
2023-04-19,1.2333333333333334,1.6153846153846154
2023-04-20,3.8487179487179488,1.6153846153846154
2023-04-21,1.7333333333333334,4.115384615384615
2023-04-24,1.2333333333333334,4.0714285714285712
2023-04-25,2.25,9.2833333333333332
2023-04-26,1.75,4
2023-04-27,1,3.5
2023-04-28,0,3
2023-05-02,1.1785714285714286,2.5
2023-05-03,0,3
2023-05-04,0,3
2023-05-05,0,3
2023-05-08,0,1.5
2023-05-09,1.6153846153846154,2
2023-05-10,0.5,2.5
2023-05-11,0,3
2023-05-12,0,3
2023-05-15,3.9444444444444446,2
2023-05-16,2.166666666666667,1
2023-05-17,6.3498452012383906,2.43010752688172
2023-05-18,10.416061705989112,1.6155913978494623
2023-05-19,10.866061705989111,1.282258064516129
2023-05-22,6.3228300636649086,1.217741935483871
2023-05-23,5.4828502415458935,1.467741935483871
2023-05-24,5.9849206349206341,0.967741935483871
2023-05-25,12.611492342782665,1.217741935483871
2023-05-26,14.027355072463768,1.467741935483871
2023-05-29,13.567676767676767,1.217741935483871
2023-05-30,10.82493336728631,0.967741935483871
2023-05-31,11.783673133267452,1.217741935483871
2023-06-01,9.9908496732026144,0.967741935483871
2023-06-02,10.10646667269058,0.967741935483871
2023-06-05,10.214652355194952,0.967741935483871
2023-06-06,10.449673202614377,0.90322580645161288
2023-06-07,11.839116017863647,0.90322580645161288
2023-06-08,10.25547385620915,1.967741935483871
2023-06-09,10.013700025464733,1
2023-06-12,10.108496732026143,0.96969696969696972
2023-06-13,15.139822401587107,1.1911764705882353
2023-06-14,9.8494326906091612,0.97142857142857142
2023-06-15,11.040453381629852,1.9444444444444444
2023-06-16,10.564929635517871,0.97297297297297303
2023-06-19,9.084476517595899,1
2023-06-20,8.6490919048194588,1.0256410256410255
2023-06-21,6.4869297426572965,1.0256410256410255
2023-06-26,5.5345487902763439,3.5256410256410255
2023-06-27,7.7303159860435393,2.0256410256410255
2023-06-28,8.0546884452510579,1.4743589743589745
2023-06-29,8.3754484249840289,1.45
2023-06-30,8.7789670254066543,1.3999999999999999
2023-07-03,9.0921630451841171,1.3500000000000001
2023-07-04,9.4913805703379257,1.3
2023-07-05,6.9228561600078624,1.25
2023-07-06,5.4580065359477121,3.6666666666666665
2023-07-07,5.595365418894831,3
2023-07-10,8.730718954248367,1.5
2023-07-11,8.8222222222222229,1
2023-07-12,8.6999999999999993,1
2023-07-13,9.9477477477477478,1.1111111111111112
2023-07-14,12.484269231637654,0.61111111111111116
2023-07-17,12.052059636270162,0.66666666666666663
2023-07-18,10.527011494252873,0.70270270270270274
2023-07-19,10.209214092140922,0.73684210526315785
2023-07-20,3.738543578984177,1.2692307692307692
2023-07-21,4.5214285714285714,3.3500000000000001
2023-07-24,6.1245653406989078,3.8999999999999999
2023-07-25,7.1749101961867918,1.8
2023-07-26,3.4505813953488373,2.4562524196670541
2023-07-27,3.5020408163265304,2.6666666666666665
2023-07-28,6.8692778494797135,2.2497340021279832
2023-07-31,6.7116097141629059,1.5947712418300655
2023-08-01,4.3872549019607838,2.7326203208556148
2023-08-02,1,5.5189542483660121
2023-08-04,3.1550451189499586,4.1610457516339867
2023-08-07,0.94339622641509435,3.3996284829721359
2023-08-08,0.92592592592592593,6.5196815568332598
2023-08-09,0.90909090909090906,3.9623719933317458
2023-08-10,1.5,5.1538461538461533
2023-08-11,1.5,7.2307692307692308
2023-08-14,3.5869565217391304,8.9743589743589727
2023-08-15,0.66666666666666663,8.0925925925925917
2023-08-16,2.1428571428571428,6.2142857142857144
2023-08-17,2.3428571428571425,4.784007996001999
2023-08-18,2.4761904761904763,6.8833333333333337
2023-08-21,3.4285714285714288,5.5282027649769585
2023-08-22,2.6428571428571428,3.8701923076923075
2023-08-23,1.1428571428571428,3.7895622895622898
2023-08-24,2.8644688644688645,1.6000000000000001
2023-08-25,1.0476190476190477,6.805143875732111
2023-08-28,1,4.8293924466338254
2023-08-29,1.819047619047619,2.0341880341880341
2023-08-30,3.1904761904761907,2.1351351351351351
2023-08-31,3.461904761904762,2.7245614035087717
2023-09-01,2.0666666666666664,3.6378205128205128
2023-09-04,2.5254515599343184,2.3764705882352941
2023-09-05,2.5254515599343184,2.4417344173441737
2023-09-06,1.3825944170771756,2.5012531328320802
2023-09-07,0.7142857142857143,6.3106526631657909
2023-09-08,0,8.7992424242424239
2023-09-11,0,9.0171717171717169
2023-09-12,0,8.2673617942160149
2023-09-13,0,7.2224417426545093
2023-09-14,2.5,7.1881818181818176
2023-09-15,2.5,7.3458498023715411
2023-09-18,0.75,9.4852484117189988
2023-09-19,0,7.8298796755939613
2023-09-20,0,12.848561213222867
2023-09-21,1.8333333333333333,13.896068536462627
2023-09-22,0,9.66530612244898
2023-09-25,0,8.7076811190576784
2023-09-26,1.3999999999999999,15.301054328694081
2023-09-27,0,9.3225292640414281
2023-09-28,0,9.5862084134353065
2023-10-02,0.51851851851851849,8.2716378859235995
2023-10-03,0.5,11.510052910052911
2023-10-04,0.5,11.734032757247043
2023-10-05,0.5,8.4934035078036061
2023-10-06,0.5,5.921733821733822
2023-10-11,3.2685185185185186,5.1245972073039745
2023-10-12,4.0925925925925926,1.5
2023-10-13,2.0925925925925926,1.5
2023-10-16,1,4.3695121951219518
2023-10-17,1.6153846153846154,2.7619047619047619
2023-10-18,0.5,7.7469843751454075
2023-10-19,2.2256410256410257,6.8346946321560633
2023-10-20,1.6157407407407407,7.3077777777777788
2023-10-23,2.7643239113827347,6.3075625823451915
2023-10-24,1.6349206349206349,5.5330605564648119
2023-10-25,1.7386569872958257,8.3667460317460307
2023-10-26,1.3333333333333333,11.245747268604411
2023-10-27,1.3846153846153846,10.540474754673538
2023-10-30,1.4285714285714286,10.153931775139206
2023-10-31,1.4666666666666666,9.5595814410787021
2023-11-01,1.5,6.8101808176100631
2023-11-02,2.7333333333333334,3.9070580013976239
2023-11-03,1.4523809523809523,1.8767295597484277
2023-11-06,4.371428571428571,2.3666666666666667
2023-11-07,4.7268115942028981,1.5
2023-11-08,5.0828213005632357,1.3333333333333333
2023-11-09,4.3700000000000001,1.1428571428571428
2023-11-10,6.4179154179154176,1
2023-11-13,8.7106753812636164,1.4888888888888889
2023-11-14,9.2816562522444883,0.80000000000000004
2023-11-15,11.085917125470878,1.7272727272727273
2023-11-16,11.597784568372806,0.66666666666666663
2023-11-17,12.038915654238236,0.61538461538461542
2023-11-20,9.2715174531351003,0.5714285714285714
2023-11-21,12.492063492063492,2.7555555555555555
2023-11-22,7.0606060606060606,1.3
2023-11-23,8.397058823529413,0.5
2023-11-24,7.2521008403361353,1.2692307692307692
2023-11-27,7.374603174603175,1.2407407407407407
2023-11-28,10.5,1.2142857142857144
2023-11-29,8.9193548387096779,0.5
2023-11-30,8.1666666666666679,3.5229885057471266
2023-12-01,9,0.5
2023-12-04,7.5,2.9848484848484849
2023-12-05,3,2.061827956989247
2023-12-06,1.5,2.5833333333333335
2023-12-07,9,1.9583333333333335
2023-12-08,12,1.9583333333333335
2023-12-11,10.5,1.3333333333333335
2023-12-12,12,0.5
2023-12-13,12,0.5
2023-12-14,16.5,1
2023-12-15,12.75,1.25
2023-12-18,12,0.5
2023-12-19,12,0.5
2023-12-20,12,0.5
2023-12-21,11.90909090909091,0.5
2023-12-22,12,0.5
2023-12-25,12,0.5
2023-12-26,14.857142857142858,0.5
2023-12-27,11.933333333333334,1.1666666666666665
2023-12-28,13.5,1
2023-12-29,9,0.5
2024-01-02,9,1.5
2024-01-03,3,3
2024-01-04,3,1
2024-01-05,1.5,2
2024-01-08,3,1
2024-01-09,3,1
2024-01-10,1.5,1.5
2024-01-11,3,1
2024-01-12,4.5,0.5
2024-01-15,4.5,0.5
2024-01-16,6,3
2024-01-17,7.25,2.75
2024-01-18,10.5,1
2024-01-19,14.25,1.25
2024-01-22,14.25,1.25
2024-01-23,13.5,0.5
2024-01-24,13.5,0.5
2024-01-25,16.5,0.5
2024-01-26,12,0.5
2024-01-29,12,0.5
2024-01-30,12,0.5
2024-01-31,12,0.5
2024-02-01,12,0.5
2024-02-02,12,0.5
2024-02-05,12,0.5
2024-02-15,17.25,1.1499999999999999
2024-02-16,13.5,0.5
2024-02-19,13.5,0.5
2024-02-20,13.5,0.5
2024-02-21,13.5,0.5
2024-02-22,12,0.5
2024-02-23,15,0.5
2024-02-26,12,0.5
2024-02-27,12,0.5
2024-02-29,12,0.5
2024-03-01,12,0.5
2024-03-04,17.25,0.75
2024-03-05,13.5,1.5
2024-03-06,13.5,1.5
2024-03-07,13.5,1.5
2024-03-08,17.25,1.25
2024-03-11,13.5,1
2024-03-12,13.5,1
2024-03-13,13.5,1
2024-03-14,7.5,1.5
2024-03-15,6,1.5
2024-03-18,4.5,1.5
2024-03-19,4.5,2.5
2024-03-20,7.5,2
2024-03-21,7.5,1.5
2024-03-22,12,1.5
2024-03-25,10.5,1.5
2024-03-26,4.5,1.5
2024-03-27,9,1.5977443609022557
2024-03-28,7.5,2.7666666666666666
2024-03-29,7.5,1.6964285714285714
2024-04-01,9,2.1336898395721926
2024-04-02,4.5,1.5772946859903381
2024-04-03,10.5,1.7149122807017543
2024-04-08,7.5,1.6600000000000001
2024-04-09,9.75,2.3598901098901099
2024-04-10,6,1.7289562289562288
2024-04-11,10.5,1.8385093167701863
2024-04-12,4.5,1.9396551724137931
2024-04-15,4.5,2.1896551724137931
2024-04-16,6,3.1896551724137931
2024-04-17,4.5,4.6896551724137936
2024-04-18,4.5,5.6896551724137936
2024-04-19,2.75,5.4396551724137936
2024-04-22,3,3.1666666666666665
2024-04-23,4.5,2.6666666666666665
2024-04-24,4.5,2.6666666666666665
2024-04-25,4.5,4.1666666666666661
2024-04-26,7.5,1
2024-04-29,12,1
2024-04-30,6,2
2024-05-02,3,2
2024-05-03,10.5,1
2024-05-06,10.5,1.5
2024-05-07,7.5,1
2024-05-08,10.5,1
2024-05-09,10.5,1
2024-05-10,10.5,1
2024-05-13,10.5,1
2024-05-14,12,0.5
2024-05-15,13.5,0.5
2024-05-16,13.5,0.5
2024-05-17,12,1
2024-05-20,10.5,1
2024-05-21,11.973684210526315,0.5
2024-05-22,14.973684210526315,0.5
2024-05-23,8.973684210526315,0.5
2024-05-24,11.973684210526315,0.5
2024-05-27,13.473684210526315,0.5
2024-05-28,13.473684210526315,0.5
2024-05-29,7.4736842105263159,2.2142857142857144
2024-05-30,10.473684210526315,2.1896551724137931
2024-05-31,9.6403508771929811,2.5
2024-06-03,10.473684210526315,1.1451612903225805
2024-06-04,10.473684210526315,1.625
2024-06-05,10.473684210526315,1.106060606060606
2024-06-06,9.6403508771929829,1.4215686274509802
2024-06-07,11.973684210526315,1.0714285714285714
2024-06-11,10.473684210526315,2.0555555555555554
2024-06-12,11.973684210526315,1.0405405405405406
2024-06-13,16.487179487179489,1
2024-06-14,13.5,2.0588235294117645
2024-06-17,13.5,1.5588235294117647
2024-06-18,13.5,1.892156862745098
2024-06-19,17.25,2
2024-06-20,10.5,1.6388888888888888
2024-06-21,11.25,1.6388888888888888
2024-06-24,6,2.3888888888888888
2024-06-25,9,1.3888888888888888
2024-06-26,7.5,1.8888888888888888
2024-06-27,4.5,1.5
2024-06-28,7.5,2.0588235294117645
2024-07-01,7.463414634146341,2.1764705882352944
2024-07-02,10.463414634146341,1
2024-07-03,9,2.8017241379310347
2024-07-04,13.380000000000001,1.9166666666666665
2024-07-05,13.380000000000001,1.9166666666666665
2024-07-08,10.380000000000001,1.9166666666666665
2024-07-09,10.380000000000001,1.9166666666666665
2024-07-10,11.768723404255319,2.5833333333333335
2024-07-11,8.5566666666666666,4.9350000000000005
2024-07-12,6.4338095238095239,4.5430612244897954
2024-07-15,5.5533333333333337,3.4000000000000004
2024-07-16,6.6558672699849177,3.0058823529411764
2024-07-17,2.6215686274509804,6.7536263736263731
2024-07-18,3.164102564102564,6.0266666666666673
2024-07-19,1.8,9.3177777777777777
2024-07-22,2.7666666666666666,3.4199999999999999
2024-07-23,1.2333333333333334,3.9714285714285715
2024-07-26,1.5,8.9434676434676419
2024-07-29,1,9.1637566137566129
2024-07-30,0,8.8595238095238091
2024-07-31,0,5.6279693486590041
2024-08-01,1.1428571428571428,7.5222222222222221
2024-08-02,1.3333333333333333,12.105734767025091
2024-08-05,3.4285714285714288,8.9288961038961041
2024-08-06,2.5,6.0909090909090908
2024-08-07,0,8.7254901960784306
2024-08-08,4.5,7.9523809523809526
2024-08-09,0,4.9672438672438677
2024-08-12,2.5424430641821947,4.3428571428571425
2024-08-13,1.1428571428571428,5.8363258363258366
2024-08-14,3.2526930433907175,4.0507246376811592
2024-08-15,3.020034229336555,2.2274247491638794
2024-08-16,6.974458602365579,1
2024-08-19,3.7434581377958525,1.0666666666666667
2024-08-20,3.5157514808677601,1.125
2024-08-21,2.4909433746643046,1.1764705882352942
2024-08-22,2.299468601794183,4.2222222222222223
2024-08-23,1.6631049654305468,2.2631578947368425
2024-08-26,0.7441860465116279,3.5682274247491637
2024-08-27,0.7441860465116279,3.457875457875458
2024-08-28,1.6013289036544851,4.8769230769230765
2024-08-29,2.0584415584415581,2.6048733874820833
2024-08-30,2.1298701298701297,2.4935897435897436
2024-09-02,0.72727272727272729,3.368205128205128
2024-09-03,0,9.0858391608391607
2024-09-04,2.5416666666666665,9.9630258086140433
2024-09-05,2.25,7.0105580693815979
2024-09-06,0,9.0510524764608249
2024-09-09,1.5,9.9540823211875846
2024-09-10,1.5,7.6871238818107894
2024-09-11,3.5,6.6651620736986592
2024-09-12,2.833333333333333,3.97943722943723
2024-09-13,1,2.479138166894665
2024-09-16,2,2.8270186335403729
2024-09-18,1.5405405405405406,3.7196969696969693
2024-09-19,2.9279279279279278,2.3398251192368837
2024-09-20,2.6372200772200776,3.4530075187969924
2024-09-23,2.5232582582582586,2.8653846153846154
2024-09-24,2.8142180570663546,1.5
2024-09-25,6.0885885885885882,1.5
2024-09-26,4.3488748899275214,1.5
2024-09-27,4.5971007371007371,3.5656108597285066
2024-09-30,3.2760617760617761,4.3642857142857139
2024-10-01,2.8420638820638819,2.2857142857142856
2024-10-04,5.0670270270270272,1.5479876160990713
2024-10-07,6.5344144144144138,2.1062271062271063
2024-10-08,4.0018018018018022,1.9428571428571428
2024-10-09,4.4691891891891897,1.7804878048780488
2024-10-11,5.9365765765765763,1.5888501742160277
2024-10-14,7.6729698119171807,0.7142857142857143
2024-10-15,11.170784549731916,2.5714285714285712
2024-10-16,6.9016159016159015,0.5714285714285714
2024-10-17,9.8496678496678491,0.5714285714285714
2024-10-18,10.646203238594541,0.9464285714285714
2024-10-21,10.280743797985178,0.66666666666666663
2024-10-22,3.5424561403508772,0.75
2024-10-23,7.0976013234077753,0.82352941176470584
2024-10-24,6.612103174603174,0.88888888888888884
2024-10-25,8.1281702037799608,0.94736842105263153
2024-10-28,3.6357094561962713,1
2024-10-29,6.776282761166482,1
2024-10-30,3.1555555555555559,1.625
2024-11-01,1.9545454545454546,2.6993707093821508
2024-11-04,0.5,3.1218535469107551
2024-11-05,1.6363636363636365,2.2766045548654246
2024-11-06,4.7557851969616678,1.6909090909090909
2024-11-07,7.2386219171116188,1.5768115942028986
2024-11-08,6.4938089013896008,1.0833333333333333
2024-11-11,4.274193548387097,1.1200000000000001
2024-11-12,1.475609756097561,2.2789968652037618
2024-11-13,1.5,3.0454545454545454
2024-11-14,1.5232558139534884,2.5
2024-11-15,0.5,3
2024-11-18,0.58823529411764708,3
2024-11-19,0.66666666666666663,2.5
2024-11-20,0.73684210526315785,2.5
2024-11-21,1.8,2.5
2024-11-22,1.9853479853479854,2
2024-11-25,0.81818181818181823,2.5
2024-11-26,0.86956521739130432,2.5
2024-11-27,0,4
2024-11-28,1.5,3
2024-11-29,2.7307692307692308,3.5
2024-12-02,3.4285714285714288,1.5
2024-12-03,6.0023809523809515,1
2024-12-04,9.1107936507936511,1.1538461538461537
2024-12-05,6.7161385915565486,1.1851851851851851
2024-12-06,5.4432298695456591,1.7142857142857142
2024-12-09,6.7214510635563265,1.1724137931034482
2024-12-10,4.0197296955917645,1
2024-12-11,3.9219512195121951,1
2024-12-12,3.2251152073732716,0.5
2024-12-13,6.8952380952380956,0.5161290322580645
2024-12-16,6.5946452098626009,0.58064516129032262
2024-12-17,6.3108734402852056,0.625
2024-12-18,3.6336043360433603,2.1333333333333333
2024-12-19,2.6507936507936507,1.6666666666666665
2024-12-20,2.9223602484472049,4.7184873949579824
2024-12-23,8.0807772232162485,0.62857142857142856
2024-12-24,6.2887139048371399,0.61111111111111116
2024-12-25,6.4018583042973285,1.9279279279279278
2024-12-26,6.6043321177467522,1.4074074074074074
2024-12-27,7.1843359892140386,1.4074074074074074
2024-12-30,4.6311197978516612,1
2024-12-31,4.2347513707695219,1.631578947368421
2025-01-02,1.7333333333333334,3.1315789473684212
2025-01-03,4.5785714285714283,1.131578947368421
2025-01-06,8.6062351626867759,2.5
2025-01-07,5.7642857142857142,2
2025-01-08,5.4266798418972337,1.5
2025-01-09,5.2597234638536268,0
2025-01-10,3.5309523809523808,1.5
2025-01-13,3.2777777777777777,4.7380952380952372
2025-01-14,2.6068376068376069,3.1486486486486487
2025-01-15,3.0888030888030888,4.1315789473684212
2025-01-16,4.9460918408286831,0.61538461538461542
2025-01-17,5.2224266961109072,0.59999999999999998
2025-01-20,6.6738543683623783,0
2025-01-21,7.2564102564102564,0
2025-01-22,7.1897435897435891,1.5
2025-02-03,2.7564102564102564,4.5853658536585362
2025-02-04,2.2564102564102564,3.0853658536585367
2025-02-05,3.3319473319473323,1.0365853658536586
2025-02-06,3.3063427800269904,1.0365853658536586
2025-02-07,1.8960498960498962,3.0365853658536586
2025-02-10,4.5053735737946266,0.5
2025-02-11,4.315697310819262,0.5
2025-02-12,2.910569105691057,1
2025-02-13,2.3809523809523809,1
2025-02-14,4.1601731601731604,2.2179487179487176
2025-02-17,4.3714189416919451,2.5925925925925926
2025-02-18,3.0552825552825551,2.1428571428571428
2025-02-19,3.173695652173913,2.7351097178683386
2025-02-20,2.4471153846153846,2.00609543712992
2025-02-21,2.1833333333333336,3.0548589341692791
2025-02-24,0.9375,3.4004478280340349
2025-02-25,0.875,4.6174652933273626
2025-02-26,0.8125,3.9773399014778326
2025-02-27,0,8.1095238095238109
2025-03-03,0.25,10.164718614718616
2025-03-04,2.25,8.8556277056277057
2025-03-05,0,5.7965367965367962
2025-03-06,0,8.9160173160173155
2025-03-07,0,7.7497835497835492
2025-03-10,1,10.224675324675324
2025-03-11,1.1666666666666665,14.318012422360248
2025-03-12,0.5,10.225490196078432
2025-03-13,0.5,10.454354354354354
2025-03-14,0.5,11.155318365844682
2025-03-17,0.5,10.250569800569801
2025-03-18,0,10.454761904761906
2025-03-19,0.5,13.587012987012988
2025-03-20,0,10.662968515742129
2025-03-21,0,10.733333333333334
2025-03-24,0,7.96
2025-03-25,0,7.9846153846153847
2025-03-26,0,10.823261065943992
2025-03-27,0.5,17.026538908246224
2025-03-28,0.83333333333333326,15.667960088691796
2025-03-31,2,16.5
2025-04-01,0.5,12.75
2025-04-02,0.5,12.75
2025-04-07,1.75,15.75
2025-04-08,2.0833333333333335,16.5
2025-04-09,4.4319047619047618,13.382352941176471
2025-04-10,2,15.511904761904763
2025-04-11,4.0555555555555554,15.241729323308272
2025-04-14,2.1315789473684212,11.11038961038961
2025-04-15,2,13.406885541668151
2025-04-16,2.7714285714285714,12.961572556538231
2025-04-17,2.2619047619047619,12.56312171591007
2025-04-18,2.3181818181818183,12.192566830332789
2025-04-21,2.3695652173913042,13.113249316820745
2025-04-22,2.3695652173913042,11.183090586662015
2025-04-23,4.5,8.4127338999260193
2025-04-24,3.9761904761904763,5.7127338999260182
2025-04-25,4.3928571428571423,2.8500000000000001
2025-04-28,4.5317460317460316,2.7678992918961445
2025-04-29,3.0317460317460316,2.6904761904761907
2025-04-30,3.6396825396825396,2.617336152219873
2025-05-02,6.2999999999999998,4.0481283422459891
2025-05-05,7.9116550116550108,4.8790043290043288
2025-05-06,4.8116883116883118,4.071301247771836
2025-05-07,3.6000000000000005,3.9195195195195192
2025-05-08,3.833333333333333,3.7803203661327229
2025-05-09,8.0588235294117645,5.1520458265139109
2025-05-12,6.6764705882352944,3.5333333333333332
2025-05-13,6.7941176470588234,3.2931806869089097
2025-05-14,10.245098039215685,1.5
2025-05-15,7.7777777777777777,0.88888888888888884
2025-05-16,8.2222222222222214,0.80000000000000004
2025-05-19,7.1666666666666661,0.59999999999999998
2025-05-20,7.5,0.5
2025-05-21,10.5,0.5
2025-05-22,6,1.8999999999999999
2025-05-23,6,1.8500000000000001
2025-05-26,6,1.8
2025-05-27,6,1.25
2025-05-28,7.5,1.263157894736842
2025-05-29,6.5,1.7432432432432432
2025-06-02,3,7.7272008850956224
2025-06-03,5,3.4070649596965388
2025-06-04,4.5,2.6337126600284497
2025-06-05,6,1.527027027027027
2025-06-06,7.5,2.4459459459459461
2025-06-09,7.5,1.4189189189189189
2025-06-10,12,1
2025-06-11,9,1
2025-06-12,9,0.5
2025-06-13,7.5,0.5
2025-06-16,10.5,0.5
2025-06-17,7.5,0.5
2025-06-18,7.5,0.5
2025-06-19,6,1.1000000000000001
2025-06-20,6.75,1.2833333333333332
2025-06-23,6,0.5
2025-06-24,12,1
2025-06-25,10.5,0.5
2025-06-26,12,0.5
2025-06-27,13,0.5
2025-06-30,13,0.5
2025-07-01,11.5,0.5
2025-07-02,12,0.5
2025-07-03,15,0.5
2025-07-04,12,0.5
2025-07-07,7.5,1
2025-07-08,9,0
2025-07-09,12,0.5
2025-07-10,9,0.5
2025-07-11,9,0.5
2025-07-14,7.5,1
2025-07-15,14.25,0.75
2025-07-16,13.5,0.5
2025-07-17,12,0.5
2025-07-18,14.25,1
2025-07-21,10.5,0.75
2025-07-22,9.75,0.75
2025-07-23,9,0.5
2025-07-24,9,0.5
2025-07-25,9,0.5
2025-07-28,12,0.5
2025-07-29,12,0.5
2025-07-30,12,0.5
2025-07-31,9,0.5
2025-08-01,6,0.5
2025-08-04,9,0.5
2025-08-05,6,0.5
2025-08-06,4.5,1.5
2025-08-07,9.75,1
2025-08-08,10.5,0.75
2025-08-11,10.5,0.75
2025-08-12,13.5,0.5
2025-08-13,10.5,0.75
2025-08-14,7.5,1
2025-08-15,7.5,1
2025-08-18,9,0.5
2025-08-19,6,0.5
2025-08-20,2.25,4.75
2025-08-21,1.5,2
2025-08-22,7.5,2.5
2025-08-25,7.5,1
2025-08-26,10.5,1
2025-08-27,9,1
2025-08-28,9,1.5
2025-08-29,3,1.5
2025-09-01,3,1
2025-09-02,1.5,1.5
2025-09-03,1.5,3.5
2025-09-04,6,1.5
2025-09-05,15,0.5
2025-09-08,12,0.5
2025-09-09,16.5,0.75
2025-09-10,17.25,1
2025-09-11,16.5,0.75
2025-09-12,13.5,1.75
2025-09-15,13.5,0.5
2025-09-16,10.5,1.5
2025-09-17,12,0.5
2025-09-18,13.5,1.5
2025-09-19,12,0.5
2025-09-22,13.5,1
2025-09-23,12,1.5
2025-09-24,12,1.5
2025-09-25,10.5,1.5
2025-09-26,10.5,3
2025-09-30,10.5,1
2025-10-01,10.5,1
2025-10-02,12,1
2025-10-03,13.5,1
2025-10-07,10.5,1.25
2025-10-08,13.5,1
2025-10-09,13.5,1.25
2025-10-13,12.75,3.75
2025-10-14,10.5,1.5
2025-10-15,10.5,1.5
2025-10-16,9,1.5
2025-10-17,7.5,2.5
2025-10-20,9,1.5
2025-10-21,9,1.5
2025-10-22,7.5,2.5
2025-10-23,7.5,2.5
2025-10-27,13.5,1
2025-10-28,7.5,2.8787878787878789
2025-10-29,7.5,1.6086956521739131
2025-10-30,9,1.6666666666666665
2025-10-31,9,3.4504147465437787
2025-11-03,7.5,1.8317307692307692
2025-11-04,7.5,1.9208754208754208
2025-11-05,6.75,4.8970588235294112
2025-11-06,6,1.6285714285714286
2025-11-07,3,3.9444444444444442
2025-11-10,7.4803921568627452,1.1486486486486487
2025-11-11,3,1.631578947368421
2025-11-12,5.96,1.6153846153846154
2025-11-13,1.5,4.115384615384615
2025-11-14,1.5,3.2153846153846155
2025-11-17,1.5,3.6000000000000001
2025-11-18,3,3.5399113082039912
2025-11-19,3,3.5399113082039912
2025-11-20,1.5,5.5853658536585362
2025-11-21,1.25,6.6686991869918693
2025-11-24,3.75,4.5661350844277671
2025-11-25,4.5,1.5853658536585367
2025-11-26,8.7467532467532472,1.5853658536585367
2025-11-27,7.3181818181818183,1.5853658536585367
2025-11-28,10.233772507685552,1.0853658536585367
2025-12-01,10.282608695652174,1.0853658536585367
2025-12-02,8.8936170212765955,1.5853658536585367
2025-12-03,8.8166666666666664,1.6385573430202389
2025-12-04,8.8534096565455442,1.6246200607902737
2025-12-05,13.353409656545544,1.0531914893617023
2025-12-08,10.275631878767767,0.55319148936170215
2025-12-09,13.275631878767767,0.55319148936170215
2025-12-10,13.275631878767767,0.55319148936170215
2025-12-11,11.775631878767767,0.55319148936170215
2025-12-12,7.3534096565455442,1.0531914893617023
2025-12-15,2.9146341463414633,2.2009966777408638
2025-12-16,1.5,3.1121212121212118
2025-12-17,1.5,6.0333333333333332
2025-12-18,1.5,2.5217391304347827
2025-12-19,4.5,1.5106382978723403
2025-12-22,5.6695331695331692,1.6190476190476191
2025-12-23,7.037954222164748,1.6190476190476191
2025-12-24,7.037954222164748,1.6190476190476191
2025-12-26,8.5695331695331696,1.1190476190476191
2025-12-29,8.598104598104598,1.6190476190476191
2025-12-30,8.404827287180229,0.61904761904761907
2025-12-31,7.0411909235438657,0.61904761904761907
2026-01-02,9.8556040129822318,0.86904761904761907
2026-01-05,10.605604012982232,3.3822055137844611
2026-01-06,10.605604012982232,3.3822055137844611
2026-01-07,9.1056040129822318,3.9155388471177943
2026-01-08,8.3556040129822318,3.4039446442192438
2026-01-09,8.3556040129822318,3.4039446442192438
2026-01-12,6.8773431434170149,2.4039446442192438
2026-01-13,6.8773431434170149,2.4039446442192438
2026-01-14,8.5832439826967857,2.7293233082706765
2026-01-15,11.583243982696787,1.7293233082706767
2026-01-16,12.28914482197656,1.5764411027568923
2026-01-19,10.411764705882353,1.4473684210526314
2026-01-20,10.470588235294118,2.3421052631578947
2026-01-21,7.5,3.736842105263158
2026-01-22,9,2.6315789473684212
2026-01-23,7.5,2.5263157894736841
2026-01-26,7.5,2.5
2026-01-27,9,2
2026-01-28,12.5,2
2026-01-29,10.5,2
2026-01-30,9,3
2026-02-02,7.5,2.5
2026-02-03,7.5,2.5
2026-02-04,4.5,2.5
2026-02-05,3,4.5
2026-02-06,6,2
2026-02-09,9,1.5
2026-02-10,13.166666666666666,1
2026-02-11,13.5,1.25
2026-02-23,11.25,1.5
2026-02-24,12.9,1.2857142857142856
2026-02-25,12.5,1.375
2026-02-26,10.5,2.4444444444444446
2026-03-02,10.5,3
2026-03-03,4.5,3.5
2026-03-04,4.5,2
2026-03-05,4.5,4
2026-03-06,4.5,5.0142857142857142
2026-03-09,1.5,3.2575757575757573
2026-03-10,3,2.5714285714285712
2026-03-11,7.7142857142857144,2.5555555555555554
2026-03-12,4.5,4.3738738738738734
2026-03-13,3,4
2026-03-16,4.5,2
2026-03-17,4.5,3.0263157894736841
2026-03-18,4.5,2.5128205128205128
2026-03-19,3,3
2026-03-20,3,3
2026-03-23,1.5,2.5
2026-03-24,1.5,2
2026-03-25,7.7142857142857144,1.5
2026-03-26,3,3
2026-03-27,1.5,3.5
2026-03-30,1.5,4.5
2026-03-31,0.5,5
2026-04-01,3,2
2026-04-02,4.5,2
2026-04-07,6,1
2026-04-08,12.25,1.0555555555555556
2026-04-09,10.273333333333333,0.5
2026-04-10,10.273333333333333,2.5
2026-04-13,10.273333333333333,1
2026-04-14,12.495555555555555,2.5555555555555554
2026-04-15,12.673333333333334,2.5555555555555554
2026-04-16,12.849090909090908,2.5555555555555554
2026-04-17,10.331304347826086,2
2026-04-20,10.356666666666666,2
2026-04-21,13.068205128205127,2
2026-04-22,10.443019943019943,1
2026-04-23,8.9615384615384617,2
2026-04-24,13.230769230769232,2
2026-04-27,10.961538461538462,2.5
2026-04-28,9,2.5
2026-04-29,9,2.5
2026-04-30,9,1.5
2026-05-04,11.76923076923077,2.5
2026-05-05,9,2.5
2026-05-06,13.297142857142857,1
2026-05-07,13.373333333333333,2
2026-05-08,10.5,2
2026-05-11,10.5,2
2026-05-12,10.5,2
2026-05-13,7.5,2.5
2026-05-14,7.5,1.5
2026-05-15,7.5,2.5
2026-05-18,7.5,3
2026-05-19,4.5,5.0909090909090908
2026-05-20,4.5,3
2026-05-21,10.5,1.5
2026-05-22,12,2.5
2026-05-25,13.5,2.375
2026-05-26,10.5,2
2026-05-27,10.5,1.25
2026-05-28,10.5,1
2026-05-29,14,2.75
2026-06-01,10.5,1.25
2026-06-02,10.5,1
2026-06-03,9,2.75
2026-06-04,9,2.5
2026-06-05,3,4
2026-06-08,6,3.5
2026-06-09,6,3
2026-06-10,1.5,3.5
2026-06-11,4.5,2.5
2026-06-12,6,2.5
2026-06-15,7.5,2
2026-06-16,7.5,3
2026-06-17,9,1.5
2026-06-18,9,1.5
2026-06-22,12,1.75
2026-06-23,9,2.5
2026-06-24,6.5,3.5
2026-06-25,6,2.0217391304347827
2026-06-26,1.5,3.6086956521739131
2026-06-29,8,2.1956521739130435
2026-06-30,8,2.7826086956521738
2026-07-01,6,2.5
2026-07-02,4.5,3.5
2026-07-03,6,2.9047619047619042
2026-07-06,6,1.6206896551724137
2026-07-07,3,1.6190476190476191
2026-07-08,2.9909090909090912,2.3096774193548386
2026-07-09,2.9212121212121209,2.5207509881422925
2026-07-13,2.8515151515151516,3.7045454545454546
2026-07-14,1.3999999999999999,4.3666063348416291
2026-07-15,2.7703703703703706,2.8769230769230765
2026-07-16,2.7000000000000002,4.9444444444444438
2026-07-17,2.1666666666666665,9.1727155727155729
2026-07-20,1.5,7.1239564428312159
2026-07-21,1.3448275862068966,3.2692307692307692
2026-07-22,1.3448275862068966,3.217741935483871
2026-07-23,1.3103448275862069,4.2804878048780486
2026-07-24,1.4482758620689655,5.2316017316017316
2026-07-27,1.4482758620689655,4.7030812324929974
2026-07-28,1.5,6.8807359307359306
2026-07-29,3.9166666666666665,5.6900093370681608
2026-07-30,3.25,4.2934362934362937
2026-07-31,4.9318181818181817,4.3540100250626566
2026-08-03,0,4.6040100250626566
2026-08-04,1.3333333333333333,2.6040100250626566
2026-08-05,8.0929657122658192,1.8421052631578947
2026-08-06,6.484972170686456,0
2026-08-07,3.6996336996336998,1.3421052631578947
2026-08-10,6.3242783718707569,0
2026-08-11,6.2468390990130116,0.75
2026-08-12,6.1623931623931627,0.77419354838709675
2026-08-13,9.0696636696636688,0.80000000000000004
2026-08-14,6.0485220206150432,0.82758620689655171
2026-08-17,6.0263736263736272,0.8571428571428571
2026-08-18,4.6835154324393926,1.1428571428571428
2026-08-19,2.6573426573426575,2
2026-08-20,4.3826923076923077,3.013157894736842
2026-08-21,4.16991648231037,2.333333333333333
2026-08-24,1.8,4.5245098039215685
2026-08-25,1.6475095785440612,4.1633986928104578
2026-08-26,4.1714285714285717,3.554621848739496
2026-08-27,3.704481792717087,2.2000000000000002
